idTransaction,idCompte,montant,dateTransaction
1,1,500.0,2023-11-28 14:27:53
2,2,1000.0,2023-11-28 14:27:53
3,3,1500.0,2023-11-28 14:27:53
4,4,2000.0,2023-11-28 14:27:53
5,5,2500.0,2023-11-28 14:27:53
6,6,3000.0,2023-11-28 14:27:53
7,7,3500.0,2023-11-28 14:27:53
8,8,4000.0,2023-11-28 14:27:53
9,9,4500.0,2023-11-28 14:27:53
10,10,5000.0,2023-11-28 14:27:53
11,11,5500.0,2023-11-28 14:27:53
12,12,6000.0,2023-11-28 14:27:53
13,13,6500.0,2023-11-28 14:27:53
14,14,7000.0,2023-11-28 14:27:53
15,15,7500.0,2023-11-28 14:27:53
16,16,8000.0,2023-11-28 14:27:53
17,17,8500.0,2023-11-28 14:27:53
18,18,9000.0,2023-11-28 14:27:53
19,19,9500.0,2023-11-28 14:27:53
20,20,10000.0,2023-11-28 14:27:53
